Indicator Name,What Is This Indicator,Location Type,Location,Indicator Value,Indicator Value Units,Lower Confidence Interval,Upper Confidence Interval,Indicator Value Unstable,Period of Measure,Data Source,Technical Note,Breakout Title,Breakout Category,Breakout Subcategory,Breakout Value,Breakout Value Units,Breakout Lower Confidence Interval,Breakout Upper Confidence Interval,Breakout Unstable,Breakout Footer
Life Expectancy,This indicator shows the life expectancy at birth in years. This represents the average number of years a person can expect to live.,Census Tract,6067000100,82.5,years,,,No,2010-2015,U.S. Small-Area Life Expectancy Estimates Project (USALEEP),,,,,,,,,,
Life Expectancy,This indicator shows the life expectancy at birth in years. This represents the average number of years a person can expect to live.,Census Tract,6067000200,81.7,years,,,No,2010-2015,U.S. Small-Area Life Expectancy Estimates Project (USALEEP),,,,,,,,,,
Life Expectancy,This indicator shows the life expectancy at birth in years. This represents the average number of years a person can expect to live.,Census Tract,6067000300,81.9,years,,,No,2010-2015,U.S. Small-Area Life Expectancy Estimates Project (USALEEP),,,,,,,,,,
Life Expectancy,This indicator shows the life expectancy at birth in years. This represents the average number of years a person can expect to live.,Census Tract,6067000400,83.3,years,,,No,2010-2015,U.S. Small-Area Life Expectancy Estimates Project (USALEEP),,,,,,,,,,
Life Expectancy,This indicator shows the life expectancy at birth in years. This represents the average number of years a person can expect to live.,Census Tract,6067000600,77.6,years,,,No,2010-2015,U.S. Small-Area Life Expectancy Estimates Project (USALEEP),,,,,,,,,,
Life Expectancy,This indicator shows the life expectancy at birth in years. This represents the average number of years a person can expect to live.,Census Tract,6067001101,68.5,years,,,No,2010-2015,U.S. Small-Area Life Expectancy Estimates Project (USALEEP),,,,,,,,,,
Life Expectancy,This indicator shows the life expectancy at birth in years. This represents the average number of years a person can expect to live.,Census Tract,6067001300,80.5,years,,,No,2010-2015,U.S. Small-Area Life Expectancy Estimates Project (USALEEP),,,,,,,,,,
Life Expectancy,This indicator shows the life expectancy at birth in years. This represents the average number of years a person can expect to live.,Census Tract,6067001400,75,years,,,No,2010-2015,U.S. Small-Area Life Expectancy Estimates Project (USALEEP),,,,,,,,,,
Life Expectancy,This indicator shows the life expectancy at birth in years. This represents the average number of years a person can expect to live.,Census Tract,6067001500,79.9,years,,,No,2010-2015,U.S. Small-Area Life Expectancy Estimates Project (USALEEP),,,,,,,,,,
Life Expectancy,This indicator shows the life expectancy at birth in years. This represents the average number of years a person can expect to live.,Census Tract,6067001600,82.1,years,,,No,2010-2015,U.S. Small-Area Life Expectancy Estimates Project (USALEEP),,,,,,,,,,
Life Expectancy,This indicator shows the life expectancy at birth in years. This represents the average number of years a person can expect to live.,Census Tract,6067001700,80.6,years,,,No,2010-2015,U.S. Small-Area Life Expectancy Estimates Project (USALEEP),,,,,,,,,,
Life Expectancy,This indicator shows the life expectancy at birth in years. This represents the average number of years a person can expect to live.,Census Tract,6067001800,77.5,years,,,No,2010-2015,U.S. Small-Area Life Expectancy Estimates Project (USALEEP),,,,,,,,,,
Life Expectancy,This indicator shows the life expectancy at birth in years. This represents the average number of years a person can expect to live.,Census Tract,6067001900,77.7,years,,,No,2010-2015,U.S. Small-Area Life Expectancy Estimates Project (USALEEP),,,,,,,,,,
Life Expectancy,This indicator shows the life expectancy at birth in years. This represents the average number of years a person can expect to live.,Census Tract,6067002000,78,years,,,No,2010-2015,U.S. Small-Area Life Expectancy Estimates Project (USALEEP),,,,,,,,,,
Life Expectancy,This indicator shows the life expectancy at birth in years. This represents the average number of years a person can expect to live.,Census Tract,6067002100,84.7,years,,,No,2010-2015,U.S. Small-Area Life Expectancy Estimates Project (USALEEP),,,,,,,,,,
Life Expectancy,This indicator shows the life expectancy at birth in years. This represents the average number of years a person can expect to live.,Census Tract,6067002200,80.1,years,,,No,2010-2015,U.S. Small-Area Life Expectancy Estimates Project (USALEEP),,,,,,,,,,
Life Expectancy,This indicator shows the life expectancy at birth in years. This represents the average number of years a person can expect to live.,Census Tract,6067002300,79.8,years,,,No,2010-2015,U.S. Small-Area Life Expectancy Estimates Project (USALEEP),,,,,,,,,,
Life Expectancy,This indicator shows the life expectancy at birth in years. This represents the average number of years a person can expect to live.,Census Tract,6067002400,85.2,years,,,No,2010-2015,U.S. Small-Area Life Expectancy Estimates Project (USALEEP),,,,,,,,,,
Life Expectancy,This indicator shows the life expectancy at birth in years. This represents the average number of years a person can expect to live.,Census Tract,6067002500,84.7,years,,,No,2010-2015,U.S. Small-Area Life Expectancy Estimates Project (USALEEP),,,,,,,,,,
Life Expectancy,This indicator shows the life expectancy at birth in years. This represents the average number of years a person can expect to live.,Census Tract,6067002600,77.7,years,,,No,2010-2015,U.S. Small-Area Life Expectancy Estimates Project (USALEEP),,,,,,,,,,
Life Expectancy,This indicator shows the life expectancy at birth in years. This represents the average number of years a person can expect to live.,Census Tract,6067002700,76.1,years,,,No,2010-2015,U.S. Small-Area Life Expectancy Estimates Project (USALEEP),,,,,,,,,,
Life Expectancy,This indicator shows the life expectancy at birth in years. This represents the average number of years a person can expect to live.,Census Tract,6067002800,70.9,years,,,No,2010-2015,U.S. Small-Area Life Expectancy Estimates Project (USALEEP),,,,,,,,,,
Life Expectancy,This indicator shows the life expectancy at birth in years. This represents the average number of years a person can expect to live.,Census Tract,6067002900,86,years,,,No,2010-2015,U.S. Small-Area Life Expectancy Estimates Project (USALEEP),,,,,,,,,,
Life Expectancy,This indicator shows the life expectancy at birth in years. This represents the average number of years a person can expect to live.,Census Tract,6067003000,76.4,years,,,No,2010-2015,U.S. Small-Area Life Expectancy Estimates Project (USALEEP),,,,,,,,,,
Life Expectancy,This indicator shows the life expectancy at birth in years. This represents the average number of years a person can expect to live.,Census Tract,6067003101,77.5,years,,,No,2010-2015,U.S. Small-Area Life Expectancy Estimates Project (USALEEP),,,,,,,,,,
Life Expectancy,This indicator shows the life expectancy at birth in years. This represents the average number of years a person can expect to live.,Census Tract,6067003102,74.3,years,,,No,2010-2015,U.S. Small-Area Life Expectancy Estimates Project (USALEEP),,,,,,,,,,
Life Expectancy,This indicator shows the life expectancy at birth in years. This represents the average number of years a person can expect to live.,Census Tract,6067003202,79.2,years,,,No,2010-2015,U.S. Small-Area Life Expectancy Estimates Project (USALEEP),,,,,,,,,,
Life Expectancy,This indicator shows the life expectancy at birth in years. This represents the average number of years a person can expect to live.,Census Tract,6067003203,75.9,years,,,No,2010-2015,U.S. Small-Area Life Expectancy Estimates Project (USALEEP),,,,,,,,,,
Life Expectancy,This indicator shows the life expectancy at birth in years. This represents the average number of years a person can expect to live.,Census Tract,6067003204,81.1,years,,,No,2010-2015,U.S. Small-Area Life Expectancy Estimates Project (USALEEP),,,,,,,,,,
Life Expectancy,This indicator shows the life expectancy at birth in years. This represents the average number of years a person can expect to live.,Census Tract,6067003300,83.4,years,,,No,2010-2015,U.S. Small-Area Life Expectancy Estimates Project (USALEEP),,,,,,,,,,
Life Expectancy,This indicator shows the life expectancy at birth in years. This represents the average number of years a person can expect to live.,Census Tract,6067003400,81.3,years,,,No,2010-2015,U.S. Small-Area Life Expectancy Estimates Project (USALEEP),,,,,,,,,,
Life Expectancy,This indicator shows the life expectancy at birth in years. This represents the average number of years a person can expect to live.,Census Tract,6067003501,80.2,years,,,No,2010-2015,U.S. Small-Area Life Expectancy Estimates Project (USALEEP),,,,,,,,,,
Life Expectancy,This indicator shows the life expectancy at birth in years. This represents the average number of years a person can expect to live.,Census Tract,6067003502,79.7,years,,,No,2010-2015,U.S. Small-Area Life Expectancy Estimates Project (USALEEP),,,,,,,,,,
Life Expectancy,This indicator shows the life expectancy at birth in years. This represents the average number of years a person can expect to live.,Census Tract,6067003600,77,years,,,No,2010-2015,U.S. Small-Area Life Expectancy Estimates Project (USALEEP),,,,,,,,,,
Life Expectancy,This indicator shows the life expectancy at birth in years. This represents the average number of years a person can expect to live.,Census Tract,6067003700,75.3,years,,,No,2010-2015,U.S. Small-Area Life Expectancy Estimates Project (USALEEP),,,,,,,,,,
Life Expectancy,This indicator shows the life expectancy at birth in years. This represents the average number of years a person can expect to live.,Census Tract,6067003800,76.4,years,,,No,2010-2015,U.S. Small-Area Life Expectancy Estimates Project (USALEEP),,,,,,,,,,
Life Expectancy,This indicator shows the life expectancy at birth in years. This represents the average number of years a person can expect to live.,Census Tract,6067003900,79.9,years,,,No,2010-2015,U.S. Small-Area Life Expectancy Estimates Project (USALEEP),,,,,,,,,,
Life Expectancy,This indicator shows the life expectancy at birth in years. This represents the average number of years a person can expect to live.,Census Tract,6067004001,79.2,years,,,No,2010-2015,U.S. Small-Area Life Expectancy Estimates Project (USALEEP),,,,,,,,,,
Life Expectancy,This indicator shows the life expectancy at birth in years. This represents the average number of years a person can expect to live.,Census Tract,6067004004,81.4,years,,,No,2010-2015,U.S. Small-Area Life Expectancy Estimates Project (USALEEP),,,,,,,,,,
Life Expectancy,This indicator shows the life expectancy at birth in years. This represents the average number of years a person can expect to live.,Census Tract,6067004005,80.4,years,,,No,2010-2015,U.S. Small-Area Life Expectancy Estimates Project (USALEEP),,,,,,,,,,
Life Expectancy,This indicator shows the life expectancy at birth in years. This represents the average number of years a person can expect to live.,Census Tract,6067004006,83.8,years,,,No,2010-2015,U.S. Small-Area Life Expectancy Estimates Project (USALEEP),,,,,,,,,,
Life Expectancy,This indicator shows the life expectancy at birth in years. This represents the average number of years a person can expect to live.,Census Tract,6067004008,82.3,years,,,No,2010-2015,U.S. Small-Area Life Expectancy Estimates Project (USALEEP),,,,,,,,,,
Life Expectancy,This indicator shows the life expectancy at birth in years. This represents the average number of years a person can expect to live.,Census Tract,6067004009,83,years,,,No,2010-2015,U.S. Small-Area Life Expectancy Estimates Project (USALEEP),,,,,,,,,,
Life Expectancy,This indicator shows the life expectancy at birth in years. This represents the average number of years a person can expect to live.,Census Tract,6067004010,80.9,years,,,No,2010-2015,U.S. Small-Area Life Expectancy Estimates Project (USALEEP),,,,,,,,,,
Life Expectancy,This indicator shows the life expectancy at birth in years. This represents the average number of years a person can expect to live.,Census Tract,6067004011,87.4,years,,,No,2010-2015,U.S. Small-Area Life Expectancy Estimates Project (USALEEP),,,,,,,,,,
Life Expectancy,This indicator shows the life expectancy at birth in years. This represents the average number of years a person can expect to live.,Census Tract,6067004012,83,years,,,No,2010-2015,U.S. Small-Area Life Expectancy Estimates Project (USALEEP),,,,,,,,,,
Life Expectancy,This indicator shows the life expectancy at birth in years. This represents the average number of years a person can expect to live.,Census Tract,6067004100,74.9,years,,,No,2010-2015,U.S. Small-Area Life Expectancy Estimates Project (USALEEP),,,,,,,,,,
Life Expectancy,This indicator shows the life expectancy at birth in years. This represents the average number of years a person can expect to live.,Census Tract,6067004201,78.4,years,,,No,2010-2015,U.S. Small-Area Life Expectancy Estimates Project (USALEEP),,,,,,,,,,
Life Expectancy,This indicator shows the life expectancy at birth in years. This represents the average number of years a person can expect to live.,Census Tract,6067004202,76.7,years,,,No,2010-2015,U.S. Small-Area Life Expectancy Estimates Project (USALEEP),,,,,,,,,,
Life Expectancy,This indicator shows the life expectancy at birth in years. This represents the average number of years a person can expect to live.,Census Tract,6067004203,77.1,years,,,No,2010-2015,U.S. Small-Area Life Expectancy Estimates Project (USALEEP),,,,,,,,,,
Life Expectancy,This indicator shows the life expectancy at birth in years. This represents the average number of years a person can expect to live.,Census Tract,6067004300,75.3,years,,,No,2010-2015,U.S. Small-Area Life Expectancy Estimates Project (USALEEP),,,,,,,,,,
Life Expectancy,This indicator shows the life expectancy at birth in years. This represents the average number of years a person can expect to live.,Census Tract,6067004401,76,years,,,No,2010-2015,U.S. Small-Area Life Expectancy Estimates Project (USALEEP),,,,,,,,,,
Life Expectancy,This indicator shows the life expectancy at birth in years. This represents the average number of years a person can expect to live.,Census Tract,6067004402,75.3,years,,,No,2010-2015,U.S. Small-Area Life Expectancy Estimates Project (USALEEP),,,,,,,,,,
Life Expectancy,This indicator shows the life expectancy at birth in years. This represents the average number of years a person can expect to live.,Census Tract,6067004501,75.1,years,,,No,2010-2015,U.S. Small-Area Life Expectancy Estimates Project (USALEEP),,,,,,,,,,
Life Expectancy,This indicator shows the life expectancy at birth in years. This represents the average number of years a person can expect to live.,Census Tract,6067004502,74.7,years,,,No,2010-2015,U.S. Small-Area Life Expectancy Estimates Project (USALEEP),,,,,,,,,,
Life Expectancy,This indicator shows the life expectancy at birth in years. This represents the average number of years a person can expect to live.,Census Tract,6067004601,76.2,years,,,No,2010-2015,U.S. Small-Area Life Expectancy Estimates Project (USALEEP),,,,,,,,,,
Life Expectancy,This indicator shows the life expectancy at birth in years. This represents the average number of years a person can expect to live.,Census Tract,6067004602,75.4,years,,,No,2010-2015,U.S. Small-Area Life Expectancy Estimates Project (USALEEP),,,,,,,,,,
Life Expectancy,This indicator shows the life expectancy at birth in years. This represents the average number of years a person can expect to live.,Census Tract,6067004701,76.5,years,,,No,2010-2015,U.S. Small-Area Life Expectancy Estimates Project (USALEEP),,,,,,,,,,
Life Expectancy,This indicator shows the life expectancy at birth in years. This represents the average number of years a person can expect to live.,Census Tract,6067004702,73.1,years,,,No,2010-2015,U.S. Small-Area Life Expectancy Estimates Project (USALEEP),,,,,,,,,,
Life Expectancy,This indicator shows the life expectancy at birth in years. This represents the average number of years a person can expect to live.,Census Tract,6067004801,77.7,years,,,No,2010-2015,U.S. Small-Area Life Expectancy Estimates Project (USALEEP),,,,,,,,,,
Life Expectancy,This indicator shows the life expectancy at birth in years. This represents the average number of years a person can expect to live.,Census Tract,6067004802,76.1,years,,,No,2010-2015,U.S. Small-Area Life Expectancy Estimates Project (USALEEP),,,,,,,,,,
Life Expectancy,This indicator shows the life expectancy at birth in years. This represents the average number of years a person can expect to live.,Census Tract,6067004903,75.5,years,,,No,2010-2015,U.S. Small-Area Life Expectancy Estimates Project (USALEEP),,,,,,,,,,
Life Expectancy,This indicator shows the life expectancy at birth in years. This represents the average number of years a person can expect to live.,Census Tract,6067004904,80.3,years,,,No,2010-2015,U.S. Small-Area Life Expectancy Estimates Project (USALEEP),,,,,,,,,,
Life Expectancy,This indicator shows the life expectancy at birth in years. This represents the average number of years a person can expect to live.,Census Tract,6067004905,79.1,years,,,No,2010-2015,U.S. Small-Area Life Expectancy Estimates Project (USALEEP),,,,,,,,,,
Life Expectancy,This indicator shows the life expectancy at birth in years. This represents the average number of years a person can expect to live.,Census Tract,6067004906,75.4,years,,,No,2010-2015,U.S. Small-Area Life Expectancy Estimates Project (USALEEP),,,,,,,,,,
Life Expectancy,This indicator shows the life expectancy at birth in years. This represents the average number of years a person can expect to live.,Census Tract,6067005001,79.7,years,,,No,2010-2015,U.S. Small-Area Life Expectancy Estimates Project (USALEEP),,,,,,,,,,
Life Expectancy,This indicator shows the life expectancy at birth in years. This represents the average number of years a person can expect to live.,Census Tract,6067005002,72.4,years,,,No,2010-2015,U.S. Small-Area Life Expectancy Estimates Project (USALEEP),,,,,,,,,,
Life Expectancy,This indicator shows the life expectancy at birth in years. This represents the average number of years a person can expect to live.,Census Tract,6067005101,76.6,years,,,No,2010-2015,U.S. Small-Area Life Expectancy Estimates Project (USALEEP),,,,,,,,,,
Life Expectancy,This indicator shows the life expectancy at birth in years. This represents the average number of years a person can expect to live.,Census Tract,6067005102,76.8,years,,,No,2010-2015,U.S. Small-Area Life Expectancy Estimates Project (USALEEP),,,,,,,,,,
Life Expectancy,This indicator shows the life expectancy at birth in years. This represents the average number of years a person can expect to live.,Census Tract,6067005204,82.2,years,,,No,2010-2015,U.S. Small-Area Life Expectancy Estimates Project (USALEEP),,,,,,,,,,
Life Expectancy,This indicator shows the life expectancy at birth in years. This represents the average number of years a person can expect to live.,Census Tract,6067005205,78.1,years,,,No,2010-2015,U.S. Small-Area Life Expectancy Estimates Project (USALEEP),,,,,,,,,,
Life Expectancy,This indicator shows the life expectancy at birth in years. This represents the average number of years a person can expect to live.,Census Tract,6067005301,68,years,,,No,2010-2015,U.S. Small-Area Life Expectancy Estimates Project (USALEEP),,,,,,,,,,
Life Expectancy,This indicator shows the life expectancy at birth in years. This represents the average number of years a person can expect to live.,Census Tract,6067005402,76.5,years,,,No,2010-2015,U.S. Small-Area Life Expectancy Estimates Project (USALEEP),,,,,,,,,,
Life Expectancy,This indicator shows the life expectancy at birth in years. This represents the average number of years a person can expect to live.,Census Tract,6067005403,85.5,years,,,No,2010-2015,U.S. Small-Area Life Expectancy Estimates Project (USALEEP),,,,,,,,,,
Life Expectancy,This indicator shows the life expectancy at birth in years. This represents the average number of years a person can expect to live.,Census Tract,6067005404,81.5,years,,,No,2010-2015,U.S. Small-Area Life Expectancy Estimates Project (USALEEP),,,,,,,,,,
Life Expectancy,This indicator shows the life expectancy at birth in years. This represents the average number of years a person can expect to live.,Census Tract,6067005502,76.5,years,,,No,2010-2015,U.S. Small-Area Life Expectancy Estimates Project (USALEEP),,,,,,,,,,
Life Expectancy,This indicator shows the life expectancy at birth in years. This represents the average number of years a person can expect to live.,Census Tract,6067005505,76.2,years,,,No,2010-2015,U.S. Small-Area Life Expectancy Estimates Project (USALEEP),,,,,,,,,,
Life Expectancy,This indicator shows the life expectancy at birth in years. This represents the average number of years a person can expect to live.,Census Tract,6067005506,76.8,years,,,No,2010-2015,U.S. Small-Area Life Expectancy Estimates Project (USALEEP),,,,,,,,,,
Life Expectancy,This indicator shows the life expectancy at birth in years. This represents the average number of years a person can expect to live.,Census Tract,6067005508,73.7,years,,,No,2010-2015,U.S. Small-Area Life Expectancy Estimates Project (USALEEP),,,,,,,,,,
Life Expectancy,This indicator shows the life expectancy at birth in years. This represents the average number of years a person can expect to live.,Census Tract,6067005509,76.5,years,,,No,2010-2015,U.S. Small-Area Life Expectancy Estimates Project (USALEEP),,,,,,,,,,
Life Expectancy,This indicator shows the life expectancy at birth in years. This represents the average number of years a person can expect to live.,Census Tract,6067005510,79.5,years,,,No,2010-2015,U.S. Small-Area Life Expectancy Estimates Project (USALEEP),,,,,,,,,,
Life Expectancy,This indicator shows the life expectancy at birth in years. This represents the average number of years a person can expect to live.,Census Tract,6067005601,74.8,years,,,No,2010-2015,U.S. Small-Area Life Expectancy Estimates Project (USALEEP),,,,,,,,,,
Life Expectancy,This indicator shows the life expectancy at birth in years. This represents the average number of years a person can expect to live.,Census Tract,6067005605,77.6,years,,,No,2010-2015,U.S. Small-Area Life Expectancy Estimates Project (USALEEP),,,,,,,,,,
Life Expectancy,This indicator shows the life expectancy at birth in years. This represents the average number of years a person can expect to live.,Census Tract,6067005606,77.9,years,,,No,2010-2015,U.S. Small-Area Life Expectancy Estimates Project (USALEEP),,,,,,,,,,
Life Expectancy,This indicator shows the life expectancy at birth in years. This represents the average number of years a person can expect to live.,Census Tract,6067005701,78.5,years,,,No,2010-2015,U.S. Small-Area Life Expectancy Estimates Project (USALEEP),,,,,,,,,,
Life Expectancy,This indicator shows the life expectancy at birth in years. This represents the average number of years a person can expect to live.,Census Tract,6067005702,83.1,years,,,No,2010-2015,U.S. Small-Area Life Expectancy Estimates Project (USALEEP),,,,,,,,,,
Life Expectancy,This indicator shows the life expectancy at birth in years. This represents the average number of years a person can expect to live.,Census Tract,6067005801,80.4,years,,,No,2010-2015,U.S. Small-Area Life Expectancy Estimates Project (USALEEP),,,,,,,,,,
Life Expectancy,This indicator shows the life expectancy at birth in years. This represents the average number of years a person can expect to live.,Census Tract,6067005803,81.5,years,,,No,2010-2015,U.S. Small-Area Life Expectancy Estimates Project (USALEEP),,,,,,,,,,
Life Expectancy,This indicator shows the life expectancy at birth in years. This represents the average number of years a person can expect to live.,Census Tract,6067005804,77.7,years,,,No,2010-2015,U.S. Small-Area Life Expectancy Estimates Project (USALEEP),,,,,,,,,,
Life Expectancy,This indicator shows the life expectancy at birth in years. This represents the average number of years a person can expect to live.,Census Tract,6067005901,78.1,years,,,No,2010-2015,U.S. Small-Area Life Expectancy Estimates Project (USALEEP),,,,,,,,,,
Life Expectancy,This indicator shows the life expectancy at birth in years. This represents the average number of years a person can expect to live.,Census Tract,6067005903,74.8,years,,,No,2010-2015,U.S. Small-Area Life Expectancy Estimates Project (USALEEP),,,,,,,,,,
Life Expectancy,This indicator shows the life expectancy at birth in years. This represents the average number of years a person can expect to live.,Census Tract,6067005904,76.3,years,,,No,2010-2015,U.S. Small-Area Life Expectancy Estimates Project (USALEEP),,,,,,,,,,
Life Expectancy,This indicator shows the life expectancy at birth in years. This represents the average number of years a person can expect to live.,Census Tract,6067006002,77.3,years,,,No,2010-2015,U.S. Small-Area Life Expectancy Estimates Project (USALEEP),,,,,,,,,,
Life Expectancy,This indicator shows the life expectancy at birth in years. This represents the average number of years a person can expect to live.,Census Tract,6067006003,77.4,years,,,No,2010-2015,U.S. Small-Area Life Expectancy Estimates Project (USALEEP),,,,,,,,,,
Life Expectancy,This indicator shows the life expectancy at birth in years. This represents the average number of years a person can expect to live.,Census Tract,6067006004,80.6,years,,,No,2010-2015,U.S. Small-Area Life Expectancy Estimates Project (USALEEP),,,,,,,,,,
Life Expectancy,This indicator shows the life expectancy at birth in years. This represents the average number of years a person can expect to live.,Census Tract,6067006101,74.5,years,,,No,2010-2015,U.S. Small-Area Life Expectancy Estimates Project (USALEEP),,,,,,,,,,
Life Expectancy,This indicator shows the life expectancy at birth in years. This represents the average number of years a person can expect to live.,Census Tract,6067006102,78.4,years,,,No,2010-2015,U.S. Small-Area Life Expectancy Estimates Project (USALEEP),,,,,,,,,,
Life Expectancy,This indicator shows the life expectancy at birth in years. This represents the average number of years a person can expect to live.,Census Tract,6067006201,75.8,years,,,No,2010-2015,U.S. Small-Area Life Expectancy Estimates Project (USALEEP),,,,,,,,,,
Life Expectancy,This indicator shows the life expectancy at birth in years. This represents the average number of years a person can expect to live.,Census Tract,6067006202,69.3,years,,,No,2010-2015,U.S. Small-Area Life Expectancy Estimates Project (USALEEP),,,,,,,,,,
Life Expectancy,This indicator shows the life expectancy at birth in years. This represents the average number of years a person can expect to live.,Census Tract,6067006300,76.3,years,,,No,2010-2015,U.S. Small-Area Life Expectancy Estimates Project (USALEEP),,,,,,,,,,
Life Expectancy,This indicator shows the life expectancy at birth in years. This represents the average number of years a person can expect to live.,Census Tract,6067006400,70.9,years,,,No,2010-2015,U.S. Small-Area Life Expectancy Estimates Project (USALEEP),,,,,,,,,,
Life Expectancy,This indicator shows the life expectancy at birth in years. This represents the average number of years a person can expect to live.,Census Tract,6067006500,72,years,,,No,2010-2015,U.S. Small-Area Life Expectancy Estimates Project (USALEEP),,,,,,,,,,
Life Expectancy,This indicator shows the life expectancy at birth in years. This represents the average number of years a person can expect to live.,Census Tract,6067006600,75.3,years,,,No,2010-2015,U.S. Small-Area Life Expectancy Estimates Project (USALEEP),,,,,,,,,,
Life Expectancy,This indicator shows the life expectancy at birth in years. This represents the average number of years a person can expect to live.,Census Tract,6067006701,75.2,years,,,No,2010-2015,U.S. Small-Area Life Expectancy Estimates Project (USALEEP),,,,,,,,,,
Life Expectancy,This indicator shows the life expectancy at birth in years. This represents the average number of years a person can expect to live.,Census Tract,6067006702,72.9,years,,,No,2010-2015,U.S. Small-Area Life Expectancy Estimates Project (USALEEP),,,,,,,,,,
Life Expectancy,This indicator shows the life expectancy at birth in years. This represents the average number of years a person can expect to live.,Census Tract,6067006800,75,years,,,No,2010-2015,U.S. Small-Area Life Expectancy Estimates Project (USALEEP),,,,,,,,,,
Life Expectancy,This indicator shows the life expectancy at birth in years. This represents the average number of years a person can expect to live.,Census Tract,6067006900,72.3,years,,,No,2010-2015,U.S. Small-Area Life Expectancy Estimates Project (USALEEP),,,,,,,,,,
Life Expectancy,This indicator shows the life expectancy at birth in years. This represents the average number of years a person can expect to live.,Census Tract,6067007001,75.2,years,,,No,2010-2015,U.S. Small-Area Life Expectancy Estimates Project (USALEEP),,,,,,,,,,
Life Expectancy,This indicator shows the life expectancy at birth in years. This represents the average number of years a person can expect to live.,Census Tract,6067007004,75.6,years,,,No,2010-2015,U.S. Small-Area Life Expectancy Estimates Project (USALEEP),,,,,,,,,,
Life Expectancy,This indicator shows the life expectancy at birth in years. This represents the average number of years a person can expect to live.,Census Tract,6067007007,77.7,years,,,No,2010-2015,U.S. Small-Area Life Expectancy Estimates Project (USALEEP),,,,,,,,,,
Life Expectancy,This indicator shows the life expectancy at birth in years. This represents the average number of years a person can expect to live.,Census Tract,6067007010,80.8,years,,,No,2010-2015,U.S. Small-Area Life Expectancy Estimates Project (USALEEP),,,,,,,,,,
Life Expectancy,This indicator shows the life expectancy at birth in years. This represents the average number of years a person can expect to live.,Census Tract,6067007012,79.2,years,,,No,2010-2015,U.S. Small-Area Life Expectancy Estimates Project (USALEEP),,,,,,,,,,
Life Expectancy,This indicator shows the life expectancy at birth in years. This represents the average number of years a person can expect to live.,Census Tract,6067007013,79.6,years,,,No,2010-2015,U.S. Small-Area Life Expectancy Estimates Project (USALEEP),,,,,,,,,,
Life Expectancy,This indicator shows the life expectancy at birth in years. This represents the average number of years a person can expect to live.,Census Tract,6067007014,77.9,years,,,No,2010-2015,U.S. Small-Area Life Expectancy Estimates Project (USALEEP),,,,,,,,,,
Life Expectancy,This indicator shows the life expectancy at birth in years. This represents the average number of years a person can expect to live.,Census Tract,6067007015,81.1,years,,,No,2010-2015,U.S. Small-Area Life Expectancy Estimates Project (USALEEP),,,,,,,,,,
Life Expectancy,This indicator shows the life expectancy at birth in years. This represents the average number of years a person can expect to live.,Census Tract,6067007016,80.9,years,,,No,2010-2015,U.S. Small-Area Life Expectancy Estimates Project (USALEEP),,,,,,,,,,
Life Expectancy,This indicator shows the life expectancy at birth in years. This represents the average number of years a person can expect to live.,Census Tract,6067007017,81.1,years,,,No,2010-2015,U.S. Small-Area Life Expectancy Estimates Project (USALEEP),,,,,,,,,,
Life Expectancy,This indicator shows the life expectancy at birth in years. This represents the average number of years a person can expect to live.,Census Tract,6067007018,78.1,years,,,No,2010-2015,U.S. Small-Area Life Expectancy Estimates Project (USALEEP),,,,,,,,,,
Life Expectancy,This indicator shows the life expectancy at birth in years. This represents the average number of years a person can expect to live.,Census Tract,6067007020,82.9,years,,,No,2010-2015,U.S. Small-Area Life Expectancy Estimates Project (USALEEP),,,,,,,,,,
Life Expectancy,This indicator shows the life expectancy at birth in years. This represents the average number of years a person can expect to live.,Census Tract,6067007102,84.4,years,,,No,2010-2015,U.S. Small-Area Life Expectancy Estimates Project (USALEEP),,,,,,,,,,
Life Expectancy,This indicator shows the life expectancy at birth in years. This represents the average number of years a person can expect to live.,Census Tract,6067007105,80.7,years,,,No,2010-2015,U.S. Small-Area Life Expectancy Estimates Project (USALEEP),,,,,,,,,,
Life Expectancy,This indicator shows the life expectancy at birth in years. This represents the average number of years a person can expect to live.,Census Tract,6067007106,79.8,years,,,No,2010-2015,U.S. Small-Area Life Expectancy Estimates Project (USALEEP),,,,,,,,,,
Life Expectancy,This indicator shows the life expectancy at birth in years. This represents the average number of years a person can expect to live.,Census Tract,6067007107,81.3,years,,,No,2010-2015,U.S. Small-Area Life Expectancy Estimates Project (USALEEP),,,,,,,,,,
Life Expectancy,This indicator shows the life expectancy at birth in years. This represents the average number of years a person can expect to live.,Census Tract,6067007202,75.6,years,,,No,2010-2015,U.S. Small-Area Life Expectancy Estimates Project (USALEEP),,,,,,,,,,
Life Expectancy,This indicator shows the life expectancy at birth in years. This represents the average number of years a person can expect to live.,Census Tract,6067007204,77.7,years,,,No,2010-2015,U.S. Small-Area Life Expectancy Estimates Project (USALEEP),,,,,,,,,,
Life Expectancy,This indicator shows the life expectancy at birth in years. This represents the average number of years a person can expect to live.,Census Tract,6067007206,74.7,years,,,No,2010-2015,U.S. Small-Area Life Expectancy Estimates Project (USALEEP),,,,,,,,,,
Life Expectancy,This indicator shows the life expectancy at birth in years. This represents the average number of years a person can expect to live.,Census Tract,6067007207,78.1,years,,,No,2010-2015,U.S. Small-Area Life Expectancy Estimates Project (USALEEP),,,,,,,,,,
Life Expectancy,This indicator shows the life expectancy at birth in years. This represents the average number of years a person can expect to live.,Census Tract,6067007208,74.8,years,,,No,2010-2015,U.S. Small-Area Life Expectancy Estimates Project (USALEEP),,,,,,,,,,
Life Expectancy,This indicator shows the life expectancy at birth in years. This represents the average number of years a person can expect to live.,Census Tract,6067007209,74.8,years,,,No,2010-2015,U.S. Small-Area Life Expectancy Estimates Project (USALEEP),,,,,,,,,,
Life Expectancy,This indicator shows the life expectancy at birth in years. This represents the average number of years a person can expect to live.,Census Tract,6067007301,78.4,years,,,No,2010-2015,U.S. Small-Area Life Expectancy Estimates Project (USALEEP),,,,,,,,,,
Life Expectancy,This indicator shows the life expectancy at birth in years. This represents the average number of years a person can expect to live.,Census Tract,6067007402,74,years,,,No,2010-2015,U.S. Small-Area Life Expectancy Estimates Project (USALEEP),,,,,,,,,,
Life Expectancy,This indicator shows the life expectancy at birth in years. This represents the average number of years a person can expect to live.,Census Tract,6067007403,75.2,years,,,No,2010-2015,U.S. Small-Area Life Expectancy Estimates Project (USALEEP),,,,,,,,,,
Life Expectancy,This indicator shows the life expectancy at birth in years. This represents the average number of years a person can expect to live.,Census Tract,6067007406,76.7,years,,,No,2010-2015,U.S. Small-Area Life Expectancy Estimates Project (USALEEP),,,,,,,,,,
Life Expectancy,This indicator shows the life expectancy at birth in years. This represents the average number of years a person can expect to live.,Census Tract,6067007413,77.1,years,,,No,2010-2015,U.S. Small-Area Life Expectancy Estimates Project (USALEEP),,,,,,,,,,
Life Expectancy,This indicator shows the life expectancy at birth in years. This represents the average number of years a person can expect to live.,Census Tract,6067007414,76.4,years,,,No,2010-2015,U.S. Small-Area Life Expectancy Estimates Project (USALEEP),,,,,,,,,,
Life Expectancy,This indicator shows the life expectancy at birth in years. This represents the average number of years a person can expect to live.,Census Tract,6067007415,81.3,years,,,No,2010-2015,U.S. Small-Area Life Expectancy Estimates Project (USALEEP),,,,,,,,,,
Life Expectancy,This indicator shows the life expectancy at birth in years. This represents the average number of years a person can expect to live.,Census Tract,6067007416,77.1,years,,,No,2010-2015,U.S. Small-Area Life Expectancy Estimates Project (USALEEP),,,,,,,,,,
Life Expectancy,This indicator shows the life expectancy at birth in years. This represents the average number of years a person can expect to live.,Census Tract,6067007417,75.5,years,,,No,2010-2015,U.S. Small-Area Life Expectancy Estimates Project (USALEEP),,,,,,,,,,
Life Expectancy,This indicator shows the life expectancy at birth in years. This represents the average number of years a person can expect to live.,Census Tract,6067007422,80.3,years,,,No,2010-2015,U.S. Small-Area Life Expectancy Estimates Project (USALEEP),,,,,,,,,,
Life Expectancy,This indicator shows the life expectancy at birth in years. This represents the average number of years a person can expect to live.,Census Tract,6067007423,75.3,years,,,No,2010-2015,U.S. Small-Area Life Expectancy Estimates Project (USALEEP),,,,,,,,,,
Life Expectancy,This indicator shows the life expectancy at birth in years. This represents the average number of years a person can expect to live.,Census Tract,6067007424,72.9,years,,,No,2010-2015,U.S. Small-Area Life Expectancy Estimates Project (USALEEP),,,,,,,,,,
Life Expectancy,This indicator shows the life expectancy at birth in years. This represents the average number of years a person can expect to live.,Census Tract,6067007426,75.4,years,,,No,2010-2015,U.S. Small-Area Life Expectancy Estimates Project (USALEEP),,,,,,,,,,
Life Expectancy,This indicator shows the life expectancy at birth in years. This represents the average number of years a person can expect to live.,Census Tract,6067007427,83.8,years,,,No,2010-2015,U.S. Small-Area Life Expectancy Estimates Project (USALEEP),,,,,,,,,,
Life Expectancy,This indicator shows the life expectancy at birth in years. This represents the average number of years a person can expect to live.,Census Tract,6067007428,80.7,years,,,No,2010-2015,U.S. Small-Area Life Expectancy Estimates Project (USALEEP),,,,,,,,,,
Life Expectancy,This indicator shows the life expectancy at birth in years. This represents the average number of years a person can expect to live.,Census Tract,6067007429,77.5,years,,,No,2010-2015,U.S. Small-Area Life Expectancy Estimates Project (USALEEP),,,,,,,,,,
Life Expectancy,This indicator shows the life expectancy at birth in years. This represents the average number of years a person can expect to live.,Census Tract,6067007430,80.6,years,,,No,2010-2015,U.S. Small-Area Life Expectancy Estimates Project (USALEEP),,,,,,,,,,
Life Expectancy,This indicator shows the life expectancy at birth in years. This represents the average number of years a person can expect to live.,Census Tract,6067007431,80.8,years,,,No,2010-2015,U.S. Small-Area Life Expectancy Estimates Project (USALEEP),,,,,,,,,,
Life Expectancy,This indicator shows the life expectancy at birth in years. This represents the average number of years a person can expect to live.,Census Tract,6067007432,81.8,years,,,No,2010-2015,U.S. Small-Area Life Expectancy Estimates Project (USALEEP),,,,,,,,,,
Life Expectancy,This indicator shows the life expectancy at birth in years. This represents the average number of years a person can expect to live.,Census Tract,6067007433,77.9,years,,,No,2010-2015,U.S. Small-Area Life Expectancy Estimates Project (USALEEP),,,,,,,,,,
Life Expectancy,This indicator shows the life expectancy at birth in years. This represents the average number of years a person can expect to live.,Census Tract,6067007501,72.3,years,,,No,2010-2015,U.S. Small-Area Life Expectancy Estimates Project (USALEEP),,,,,,,,,,
Life Expectancy,This indicator shows the life expectancy at birth in years. This represents the average number of years a person can expect to live.,Census Tract,6067007503,74.7,years,,,No,2010-2015,U.S. Small-Area Life Expectancy Estimates Project (USALEEP),,,,,,,,,,
Life Expectancy,This indicator shows the life expectancy at birth in years. This represents the average number of years a person can expect to live.,Census Tract,6067007504,73.9,years,,,No,2010-2015,U.S. Small-Area Life Expectancy Estimates Project (USALEEP),,,,,,,,,,
Life Expectancy,This indicator shows the life expectancy at birth in years. This represents the average number of years a person can expect to live.,Census Tract,6067007601,80.2,years,,,No,2010-2015,U.S. Small-Area Life Expectancy Estimates Project (USALEEP),,,,,,,,,,
Life Expectancy,This indicator shows the life expectancy at birth in years. This represents the average number of years a person can expect to live.,Census Tract,6067007602,75.2,years,,,No,2010-2015,U.S. Small-Area Life Expectancy Estimates Project (USALEEP),,,,,,,,,,
Life Expectancy,This indicator shows the life expectancy at birth in years. This represents the average number of years a person can expect to live.,Census Tract,6067007701,75.5,years,,,No,2010-2015,U.S. Small-Area Life Expectancy Estimates Project (USALEEP),,,,,,,,,,
Life Expectancy,This indicator shows the life expectancy at birth in years. This represents the average number of years a person can expect to live.,Census Tract,6067007702,81.6,years,,,No,2010-2015,U.S. Small-Area Life Expectancy Estimates Project (USALEEP),,,,,,,,,,
Life Expectancy,This indicator shows the life expectancy at birth in years. This represents the average number of years a person can expect to live.,Census Tract,6067007801,78,years,,,No,2010-2015,U.S. Small-Area Life Expectancy Estimates Project (USALEEP),,,,,,,,,,
Life Expectancy,This indicator shows the life expectancy at birth in years. This represents the average number of years a person can expect to live.,Census Tract,6067007802,77.2,years,,,No,2010-2015,U.S. Small-Area Life Expectancy Estimates Project (USALEEP),,,,,,,,,,
Life Expectancy,This indicator shows the life expectancy at birth in years. This represents the average number of years a person can expect to live.,Census Tract,6067007903,80.9,years,,,No,2010-2015,U.S. Small-Area Life Expectancy Estimates Project (USALEEP),,,,,,,,,,
Life Expectancy,This indicator shows the life expectancy at birth in years. This represents the average number of years a person can expect to live.,Census Tract,6067007904,80.4,years,,,No,2010-2015,U.S. Small-Area Life Expectancy Estimates Project (USALEEP),,,,,,,,,,
Life Expectancy,This indicator shows the life expectancy at birth in years. This represents the average number of years a person can expect to live.,Census Tract,6067007905,79.4,years,,,No,2010-2015,U.S. Small-Area Life Expectancy Estimates Project (USALEEP),,,,,,,,,,
Life Expectancy,This indicator shows the life expectancy at birth in years. This represents the average number of years a person can expect to live.,Census Tract,6067007906,79.2,years,,,No,2010-2015,U.S. Small-Area Life Expectancy Estimates Project (USALEEP),,,,,,,,,,
Life Expectancy,This indicator shows the life expectancy at birth in years. This represents the average number of years a person can expect to live.,Census Tract,6067008005,80.8,years,,,No,2010-2015,U.S. Small-Area Life Expectancy Estimates Project (USALEEP),,,,,,,,,,
Life Expectancy,This indicator shows the life expectancy at birth in years. This represents the average number of years a person can expect to live.,Census Tract,6067008006,83.3,years,,,No,2010-2015,U.S. Small-Area Life Expectancy Estimates Project (USALEEP),,,,,,,,,,
Life Expectancy,This indicator shows the life expectancy at birth in years. This represents the average number of years a person can expect to live.,Census Tract,6067008007,78.2,years,,,No,2010-2015,U.S. Small-Area Life Expectancy Estimates Project (USALEEP),,,,,,,,,,
Life Expectancy,This indicator shows the life expectancy at birth in years. This represents the average number of years a person can expect to live.,Census Tract,6067008008,80.3,years,,,No,2010-2015,U.S. Small-Area Life Expectancy Estimates Project (USALEEP),,,,,,,,,,
Life Expectancy,This indicator shows the life expectancy at birth in years. This represents the average number of years a person can expect to live.,Census Tract,6067008009,82.3,years,,,No,2010-2015,U.S. Small-Area Life Expectancy Estimates Project (USALEEP),,,,,,,,,,
Life Expectancy,This indicator shows the life expectancy at birth in years. This represents the average number of years a person can expect to live.,Census Tract,6067008010,80.8,years,,,No,2010-2015,U.S. Small-Area Life Expectancy Estimates Project (USALEEP),,,,,,,,,,
Life Expectancy,This indicator shows the life expectancy at birth in years. This represents the average number of years a person can expect to live.,Census Tract,6067008111,77.8,years,,,No,2010-2015,U.S. Small-Area Life Expectancy Estimates Project (USALEEP),,,,,,,,,,
Life Expectancy,This indicator shows the life expectancy at birth in years. This represents the average number of years a person can expect to live.,Census Tract,6067008113,78.4,years,,,No,2010-2015,U.S. Small-Area Life Expectancy Estimates Project (USALEEP),,,,,,,,,,
Life Expectancy,This indicator shows the life expectancy at birth in years. This represents the average number of years a person can expect to live.,Census Tract,6067008117,78,years,,,No,2010-2015,U.S. Small-Area Life Expectancy Estimates Project (USALEEP),,,,,,,,,,
Life Expectancy,This indicator shows the life expectancy at birth in years. This represents the average number of years a person can expect to live.,Census Tract,6067008119,78.8,years,,,No,2010-2015,U.S. Small-Area Life Expectancy Estimates Project (USALEEP),,,,,,,,,,
Life Expectancy,This indicator shows the life expectancy at birth in years. This represents the average number of years a person can expect to live.,Census Tract,6067008120,76,years,,,No,2010-2015,U.S. Small-Area Life Expectancy Estimates Project (USALEEP),,,,,,,,,,
Life Expectancy,This indicator shows the life expectancy at birth in years. This represents the average number of years a person can expect to live.,Census Tract,6067008122,80.4,years,,,No,2010-2015,U.S. Small-Area Life Expectancy Estimates Project (USALEEP),,,,,,,,,,
Life Expectancy,This indicator shows the life expectancy at birth in years. This represents the average number of years a person can expect to live.,Census Tract,6067008124,80,years,,,No,2010-2015,U.S. Small-Area Life Expectancy Estimates Project (USALEEP),,,,,,,,,,
Life Expectancy,This indicator shows the life expectancy at birth in years. This represents the average number of years a person can expect to live.,Census Tract,6067008125,78.4,years,,,No,2010-2015,U.S. Small-Area Life Expectancy Estimates Project (USALEEP),,,,,,,,,,
Life Expectancy,This indicator shows the life expectancy at birth in years. This represents the average number of years a person can expect to live.,Census Tract,6067008127,78.8,years,,,No,2010-2015,U.S. Small-Area Life Expectancy Estimates Project (USALEEP),,,,,,,,,,
Life Expectancy,This indicator shows the life expectancy at birth in years. This represents the average number of years a person can expect to live.,Census Tract,6067008128,76.4,years,,,No,2010-2015,U.S. Small-Area Life Expectancy Estimates Project (USALEEP),,,,,,,,,,
Life Expectancy,This indicator shows the life expectancy at birth in years. This represents the average number of years a person can expect to live.,Census Tract,6067008129,78.3,years,,,No,2010-2015,U.S. Small-Area Life Expectancy Estimates Project (USALEEP),,,,,,,,,,
Life Expectancy,This indicator shows the life expectancy at birth in years. This represents the average number of years a person can expect to live.,Census Tract,6067008130,80,years,,,No,2010-2015,U.S. Small-Area Life Expectancy Estimates Project (USALEEP),,,,,,,,,,
Life Expectancy,This indicator shows the life expectancy at birth in years. This represents the average number of years a person can expect to live.,Census Tract,6067008131,78.5,years,,,No,2010-2015,U.S. Small-Area Life Expectancy Estimates Project (USALEEP),,,,,,,,,,
Life Expectancy,This indicator shows the life expectancy at birth in years. This represents the average number of years a person can expect to live.,Census Tract,6067008132,79.5,years,,,No,2010-2015,U.S. Small-Area Life Expectancy Estimates Project (USALEEP),,,,,,,,,,
Life Expectancy,This indicator shows the life expectancy at birth in years. This represents the average number of years a person can expect to live.,Census Tract,6067008133,77,years,,,No,2010-2015,U.S. Small-Area Life Expectancy Estimates Project (USALEEP),,,,,,,,,,
Life Expectancy,This indicator shows the life expectancy at birth in years. This represents the average number of years a person can expect to live.,Census Tract,6067008134,76.2,years,,,No,2010-2015,U.S. Small-Area Life Expectancy Estimates Project (USALEEP),,,,,,,,,,
Life Expectancy,This indicator shows the life expectancy at birth in years. This represents the average number of years a person can expect to live.,Census Tract,6067008135,76.7,years,,,No,2010-2015,U.S. Small-Area Life Expectancy Estimates Project (USALEEP),,,,,,,,,,
Life Expectancy,This indicator shows the life expectancy at birth in years. This represents the average number of years a person can expect to live.,Census Tract,6067008136,72.9,years,,,No,2010-2015,U.S. Small-Area Life Expectancy Estimates Project (USALEEP),,,,,,,,,,
Life Expectancy,This indicator shows the life expectancy at birth in years. This represents the average number of years a person can expect to live.,Census Tract,6067008137,79.1,years,,,No,2010-2015,U.S. Small-Area Life Expectancy Estimates Project (USALEEP),,,,,,,,,,
Life Expectancy,This indicator shows the life expectancy at birth in years. This represents the average number of years a person can expect to live.,Census Tract,6067008138,78.8,years,,,No,2010-2015,U.S. Small-Area Life Expectancy Estimates Project (USALEEP),,,,,,,,,,
Life Expectancy,This indicator shows the life expectancy at birth in years. This represents the average number of years a person can expect to live.,Census Tract,6067008139,78.6,years,,,No,2010-2015,U.S. Small-Area Life Expectancy Estimates Project (USALEEP),,,,,,,,,,
Life Expectancy,This indicator shows the life expectancy at birth in years. This represents the average number of years a person can expect to live.,Census Tract,6067008140,78.6,years,,,No,2010-2015,U.S. Small-Area Life Expectancy Estimates Project (USALEEP),,,,,,,,,,
Life Expectancy,This indicator shows the life expectancy at birth in years. This represents the average number of years a person can expect to live.,Census Tract,6067008141,75.5,years,,,No,2010-2015,U.S. Small-Area Life Expectancy Estimates Project (USALEEP),,,,,,,,,,
Life Expectancy,This indicator shows the life expectancy at birth in years. This represents the average number of years a person can expect to live.,Census Tract,6067008142,76.3,years,,,No,2010-2015,U.S. Small-Area Life Expectancy Estimates Project (USALEEP),,,,,,,,,,
Life Expectancy,This indicator shows the life expectancy at birth in years. This represents the average number of years a person can expect to live.,Census Tract,6067008143,77.1,years,,,No,2010-2015,U.S. Small-Area Life Expectancy Estimates Project (USALEEP),,,,,,,,,,
Life Expectancy,This indicator shows the life expectancy at birth in years. This represents the average number of years a person can expect to live.,Census Tract,6067008145,79.8,years,,,No,2010-2015,U.S. Small-Area Life Expectancy Estimates Project (USALEEP),,,,,,,,,,
Life Expectancy,This indicator shows the life expectancy at birth in years. This represents the average number of years a person can expect to live.,Census Tract,6067008204,77.2,years,,,No,2010-2015,U.S. Small-Area Life Expectancy Estimates Project (USALEEP),,,,,,,,,,
Life Expectancy,This indicator shows the life expectancy at birth in years. This represents the average number of years a person can expect to live.,Census Tract,6067008206,80.8,years,,,No,2010-2015,U.S. Small-Area Life Expectancy Estimates Project (USALEEP),,,,,,,,,,
Life Expectancy,This indicator shows the life expectancy at birth in years. This represents the average number of years a person can expect to live.,Census Tract,6067008207,80.1,years,,,No,2010-2015,U.S. Small-Area Life Expectancy Estimates Project (USALEEP),,,,,,,,,,
Life Expectancy,This indicator shows the life expectancy at birth in years. This represents the average number of years a person can expect to live.,Census Tract,6067008208,79.4,years,,,No,2010-2015,U.S. Small-Area Life Expectancy Estimates Project (USALEEP),,,,,,,,,,
Life Expectancy,This indicator shows the life expectancy at birth in years. This represents the average number of years a person can expect to live.,Census Tract,6067008209,80.4,years,,,No,2010-2015,U.S. Small-Area Life Expectancy Estimates Project (USALEEP),,,,,,,,,,
Life Expectancy,This indicator shows the life expectancy at birth in years. This represents the average number of years a person can expect to live.,Census Tract,6067008210,81.2,years,,,No,2010-2015,U.S. Small-Area Life Expectancy Estimates Project (USALEEP),,,,,,,,,,
Life Expectancy,This indicator shows the life expectancy at birth in years. This represents the average number of years a person can expect to live.,Census Tract,6067008211,79.6,years,,,No,2010-2015,U.S. Small-Area Life Expectancy Estimates Project (USALEEP),,,,,,,,,,
Life Expectancy,This indicator shows the life expectancy at birth in years. This represents the average number of years a person can expect to live.,Census Tract,6067008402,84.2,years,,,No,2010-2015,U.S. Small-Area Life Expectancy Estimates Project (USALEEP),,,,,,,,,,
Life Expectancy,This indicator shows the life expectancy at birth in years. This represents the average number of years a person can expect to live.,Census Tract,6067008403,77,years,,,No,2010-2015,U.S. Small-Area Life Expectancy Estimates Project (USALEEP),,,,,,,,,,
Life Expectancy,This indicator shows the life expectancy at birth in years. This represents the average number of years a person can expect to live.,Census Tract,6067008404,75,years,,,No,2010-2015,U.S. Small-Area Life Expectancy Estimates Project (USALEEP),,,,,,,,,,
Life Expectancy,This indicator shows the life expectancy at birth in years. This represents the average number of years a person can expect to live.,Census Tract,6067008501,83.1,years,,,No,2010-2015,U.S. Small-Area Life Expectancy Estimates Project (USALEEP),,,,,,,,,,
Life Expectancy,This indicator shows the life expectancy at birth in years. This represents the average number of years a person can expect to live.,Census Tract,6067008504,85.7,years,,,No,2010-2015,U.S. Small-Area Life Expectancy Estimates Project (USALEEP),,,,,,,,,,
Life Expectancy,This indicator shows the life expectancy at birth in years. This represents the average number of years a person can expect to live.,Census Tract,6067008505,80.7,years,,,No,2010-2015,U.S. Small-Area Life Expectancy Estimates Project (USALEEP),,,,,,,,,,
Life Expectancy,This indicator shows the life expectancy at birth in years. This represents the average number of years a person can expect to live.,Census Tract,6067008506,80.7,years,,,No,2010-2015,U.S. Small-Area Life Expectancy Estimates Project (USALEEP),,,,,,,,,,
Life Expectancy,This indicator shows the life expectancy at birth in years. This represents the average number of years a person can expect to live.,Census Tract,6067008507,80.4,years,,,No,2010-2015,U.S. Small-Area Life Expectancy Estimates Project (USALEEP),,,,,,,,,,
Life Expectancy,This indicator shows the life expectancy at birth in years. This represents the average number of years a person can expect to live.,Census Tract,6067008508,82.9,years,,,No,2010-2015,U.S. Small-Area Life Expectancy Estimates Project (USALEEP),,,,,,,,,,
Life Expectancy,This indicator shows the life expectancy at birth in years. This represents the average number of years a person can expect to live.,Census Tract,6067008509,82.7,years,,,No,2010-2015,U.S. Small-Area Life Expectancy Estimates Project (USALEEP),,,,,,,,,,
Life Expectancy,This indicator shows the life expectancy at birth in years. This represents the average number of years a person can expect to live.,Census Tract,6067008510,85.1,years,,,No,2010-2015,U.S. Small-Area Life Expectancy Estimates Project (USALEEP),,,,,,,,,,
Life Expectancy,This indicator shows the life expectancy at birth in years. This represents the average number of years a person can expect to live.,Census Tract,6067008512,82,years,,,No,2010-2015,U.S. Small-Area Life Expectancy Estimates Project (USALEEP),,,,,,,,,,
Life Expectancy,This indicator shows the life expectancy at birth in years. This represents the average number of years a person can expect to live.,Census Tract,6067008600,82.7,years,,,No,2010-2015,U.S. Small-Area Life Expectancy Estimates Project (USALEEP),,,,,,,,,,
Life Expectancy,This indicator shows the life expectancy at birth in years. This represents the average number of years a person can expect to live.,Census Tract,6067008702,83.9,years,,,No,2010-2015,U.S. Small-Area Life Expectancy Estimates Project (USALEEP),,,,,,,,,,
Life Expectancy,This indicator shows the life expectancy at birth in years. This represents the average number of years a person can expect to live.,Census Tract,6067008703,80.7,years,,,No,2010-2015,U.S. Small-Area Life Expectancy Estimates Project (USALEEP),,,,,,,,,,
Life Expectancy,This indicator shows the life expectancy at birth in years. This represents the average number of years a person can expect to live.,Census Tract,6067008704,81.2,years,,,No,2010-2015,U.S. Small-Area Life Expectancy Estimates Project (USALEEP),,,,,,,,,,
Life Expectancy,This indicator shows the life expectancy at birth in years. This represents the average number of years a person can expect to live.,Census Tract,6067008705,80.7,years,,,No,2010-2015,U.S. Small-Area Life Expectancy Estimates Project (USALEEP),,,,,,,,,,
Life Expectancy,This indicator shows the life expectancy at birth in years. This represents the average number of years a person can expect to live.,Census Tract,6067008801,81.2,years,,,No,2010-2015,U.S. Small-Area Life Expectancy Estimates Project (USALEEP),,,,,,,,,,
Life Expectancy,This indicator shows the life expectancy at birth in years. This represents the average number of years a person can expect to live.,Census Tract,6067008905,78.7,years,,,No,2010-2015,U.S. Small-Area Life Expectancy Estimates Project (USALEEP),,,,,,,,,,
Life Expectancy,This indicator shows the life expectancy at birth in years. This represents the average number of years a person can expect to live.,Census Tract,6067008907,77.1,years,,,No,2010-2015,U.S. Small-Area Life Expectancy Estimates Project (USALEEP),,,,,,,,,,
Life Expectancy,This indicator shows the life expectancy at birth in years. This represents the average number of years a person can expect to live.,Census Tract,6067008908,76.5,years,,,No,2010-2015,U.S. Small-Area Life Expectancy Estimates Project (USALEEP),,,,,,,,,,
Life Expectancy,This indicator shows the life expectancy at birth in years. This represents the average number of years a person can expect to live.,Census Tract,6067008909,80,years,,,No,2010-2015,U.S. Small-Area Life Expectancy Estimates Project (USALEEP),,,,,,,,,,
Life Expectancy,This indicator shows the life expectancy at birth in years. This represents the average number of years a person can expect to live.,Census Tract,6067008910,76.5,years,,,No,2010-2015,U.S. Small-Area Life Expectancy Estimates Project (USALEEP),,,,,,,,,,
Life Expectancy,This indicator shows the life expectancy at birth in years. This represents the average number of years a person can expect to live.,Census Tract,6067008911,80.2,years,,,No,2010-2015,U.S. Small-Area Life Expectancy Estimates Project (USALEEP),,,,,,,,,,
Life Expectancy,This indicator shows the life expectancy at birth in years. This represents the average number of years a person can expect to live.,Census Tract,6067008912,80.9,years,,,No,2010-2015,U.S. Small-Area Life Expectancy Estimates Project (USALEEP),,,,,,,,,,
Life Expectancy,This indicator shows the life expectancy at birth in years. This represents the average number of years a person can expect to live.,Census Tract,6067008913,77.8,years,,,No,2010-2015,U.S. Small-Area Life Expectancy Estimates Project (USALEEP),,,,,,,,,,
Life Expectancy,This indicator shows the life expectancy at birth in years. This represents the average number of years a person can expect to live.,Census Tract,6067009004,75.8,years,,,No,2010-2015,U.S. Small-Area Life Expectancy Estimates Project (USALEEP),,,,,,,,,,
Life Expectancy,This indicator shows the life expectancy at birth in years. This represents the average number of years a person can expect to live.,Census Tract,6067009005,78.3,years,,,No,2010-2015,U.S. Small-Area Life Expectancy Estimates Project (USALEEP),,,,,,,,,,
Life Expectancy,This indicator shows the life expectancy at birth in years. This represents the average number of years a person can expect to live.,Census Tract,6067009006,77.6,years,,,No,2010-2015,U.S. Small-Area Life Expectancy Estimates Project (USALEEP),,,,,,,,,,
Life Expectancy,This indicator shows the life expectancy at birth in years. This represents the average number of years a person can expect to live.,Census Tract,6067009007,74.5,years,,,No,2010-2015,U.S. Small-Area Life Expectancy Estimates Project (USALEEP),,,,,,,,,,
Life Expectancy,This indicator shows the life expectancy at birth in years. This represents the average number of years a person can expect to live.,Census Tract,6067009008,76,years,,,No,2010-2015,U.S. Small-Area Life Expectancy Estimates Project (USALEEP),,,,,,,,,,
Life Expectancy,This indicator shows the life expectancy at birth in years. This represents the average number of years a person can expect to live.,Census Tract,6067009010,81.3,years,,,No,2010-2015,U.S. Small-Area Life Expectancy Estimates Project (USALEEP),,,,,,,,,,
Life Expectancy,This indicator shows the life expectancy at birth in years. This represents the average number of years a person can expect to live.,Census Tract,6067009011,78.2,years,,,No,2010-2015,U.S. Small-Area Life Expectancy Estimates Project (USALEEP),,,,,,,,,,
Life Expectancy,This indicator shows the life expectancy at birth in years. This represents the average number of years a person can expect to live.,Census Tract,6067009103,75.9,years,,,No,2010-2015,U.S. Small-Area Life Expectancy Estimates Project (USALEEP),,,,,,,,,,
Life Expectancy,This indicator shows the life expectancy at birth in years. This represents the average number of years a person can expect to live.,Census Tract,6067009105,75.5,years,,,No,2010-2015,U.S. Small-Area Life Expectancy Estimates Project (USALEEP),,,,,,,,,,
Life Expectancy,This indicator shows the life expectancy at birth in years. This represents the average number of years a person can expect to live.,Census Tract,6067009106,79.9,years,,,No,2010-2015,U.S. Small-Area Life Expectancy Estimates Project (USALEEP),,,,,,,,,,
Life Expectancy,This indicator shows the life expectancy at birth in years. This represents the average number of years a person can expect to live.,Census Tract,6067009107,81.1,years,,,No,2010-2015,U.S. Small-Area Life Expectancy Estimates Project (USALEEP),,,,,,,,,,
Life Expectancy,This indicator shows the life expectancy at birth in years. This represents the average number of years a person can expect to live.,Census Tract,6067009108,81.4,years,,,No,2010-2015,U.S. Small-Area Life Expectancy Estimates Project (USALEEP),,,,,,,,,,
Life Expectancy,This indicator shows the life expectancy at birth in years. This represents the average number of years a person can expect to live.,Census Tract,6067009109,77,years,,,No,2010-2015,U.S. Small-Area Life Expectancy Estimates Project (USALEEP),,,,,,,,,,
Life Expectancy,This indicator shows the life expectancy at birth in years. This represents the average number of years a person can expect to live.,Census Tract,6067009110,75.3,years,,,No,2010-2015,U.S. Small-Area Life Expectancy Estimates Project (USALEEP),,,,,,,,,,
Life Expectancy,This indicator shows the life expectancy at birth in years. This represents the average number of years a person can expect to live.,Census Tract,6067009111,81.4,years,,,No,2010-2015,U.S. Small-Area Life Expectancy Estimates Project (USALEEP),,,,,,,,,,
Life Expectancy,This indicator shows the life expectancy at birth in years. This represents the average number of years a person can expect to live.,Census Tract,6067009112,75.2,years,,,No,2010-2015,U.S. Small-Area Life Expectancy Estimates Project (USALEEP),,,,,,,,,,
Life Expectancy,This indicator shows the life expectancy at birth in years. This represents the average number of years a person can expect to live.,Census Tract,6067009201,75.8,years,,,No,2010-2015,U.S. Small-Area Life Expectancy Estimates Project (USALEEP),,,,,,,,,,
Life Expectancy,This indicator shows the life expectancy at birth in years. This represents the average number of years a person can expect to live.,Census Tract,6067009307,80.3,years,,,No,2010-2015,U.S. Small-Area Life Expectancy Estimates Project (USALEEP),,,,,,,,,,
Life Expectancy,This indicator shows the life expectancy at birth in years. This represents the average number of years a person can expect to live.,Census Tract,6067009308,79.2,years,,,No,2010-2015,U.S. Small-Area Life Expectancy Estimates Project (USALEEP),,,,,,,,,,
Life Expectancy,This indicator shows the life expectancy at birth in years. This represents the average number of years a person can expect to live.,Census Tract,6067009309,80.7,years,,,No,2010-2015,U.S. Small-Area Life Expectancy Estimates Project (USALEEP),,,,,,,,,,
Life Expectancy,This indicator shows the life expectancy at birth in years. This represents the average number of years a person can expect to live.,Census Tract,6067009310,80.6,years,,,No,2010-2015,U.S. Small-Area Life Expectancy Estimates Project (USALEEP),,,,,,,,,,
Life Expectancy,This indicator shows the life expectancy at birth in years. This represents the average number of years a person can expect to live.,Census Tract,6067009311,77.6,years,,,No,2010-2015,U.S. Small-Area Life Expectancy Estimates Project (USALEEP),,,,,,,,,,
Life Expectancy,This indicator shows the life expectancy at birth in years. This represents the average number of years a person can expect to live.,Census Tract,6067009312,82.3,years,,,No,2010-2015,U.S. Small-Area Life Expectancy Estimates Project (USALEEP),,,,,,,,,,
Life Expectancy,This indicator shows the life expectancy at birth in years. This represents the average number of years a person can expect to live.,Census Tract,6067009314,80.3,years,,,No,2010-2015,U.S. Small-Area Life Expectancy Estimates Project (USALEEP),,,,,,,,,,
Life Expectancy,This indicator shows the life expectancy at birth in years. This represents the average number of years a person can expect to live.,Census Tract,6067009316,79.2,years,,,No,2010-2015,U.S. Small-Area Life Expectancy Estimates Project (USALEEP),,,,,,,,,,
Life Expectancy,This indicator shows the life expectancy at birth in years. This represents the average number of years a person can expect to live.,Census Tract,6067009317,79.2,years,,,No,2010-2015,U.S. Small-Area Life Expectancy Estimates Project (USALEEP),,,,,,,,,,
Life Expectancy,This indicator shows the life expectancy at birth in years. This represents the average number of years a person can expect to live.,Census Tract,6067009318,76.2,years,,,No,2010-2015,U.S. Small-Area Life Expectancy Estimates Project (USALEEP),,,,,,,,,,
Life Expectancy,This indicator shows the life expectancy at birth in years. This represents the average number of years a person can expect to live.,Census Tract,6067009319,78.1,years,,,No,2010-2015,U.S. Small-Area Life Expectancy Estimates Project (USALEEP),,,,,,,,,,
Life Expectancy,This indicator shows the life expectancy at birth in years. This represents the average number of years a person can expect to live.,Census Tract,6067009320,79.9,years,,,No,2010-2015,U.S. Small-Area Life Expectancy Estimates Project (USALEEP),,,,,,,,,,
Life Expectancy,This indicator shows the life expectancy at birth in years. This represents the average number of years a person can expect to live.,Census Tract,6067009321,78.2,years,,,No,2010-2015,U.S. Small-Area Life Expectancy Estimates Project (USALEEP),,,,,,,,,,
Life Expectancy,This indicator shows the life expectancy at birth in years. This represents the average number of years a person can expect to live.,Census Tract,6067009322,81.3,years,,,No,2010-2015,U.S. Small-Area Life Expectancy Estimates Project (USALEEP),,,,,,,,,,
Life Expectancy,This indicator shows the life expectancy at birth in years. This represents the average number of years a person can expect to live.,Census Tract,6067009323,80.1,years,,,No,2010-2015,U.S. Small-Area Life Expectancy Estimates Project (USALEEP),,,,,,,,,,
Life Expectancy,This indicator shows the life expectancy at birth in years. This represents the average number of years a person can expect to live.,Census Tract,6067009324,81.7,years,,,No,2010-2015,U.S. Small-Area Life Expectancy Estimates Project (USALEEP),,,,,,,,,,
Life Expectancy,This indicator shows the life expectancy at birth in years. This represents the average number of years a person can expect to live.,Census Tract,6067009325,78.8,years,,,No,2010-2015,U.S. Small-Area Life Expectancy Estimates Project (USALEEP),,,,,,,,,,
Life Expectancy,This indicator shows the life expectancy at birth in years. This represents the average number of years a person can expect to live.,Census Tract,6067009326,80.4,years,,,No,2010-2015,U.S. Small-Area Life Expectancy Estimates Project (USALEEP),,,,,,,,,,
Life Expectancy,This indicator shows the life expectancy at birth in years. This represents the average number of years a person can expect to live.,Census Tract,6067009328,80.9,years,,,No,2010-2015,U.S. Small-Area Life Expectancy Estimates Project (USALEEP),,,,,,,,,,
Life Expectancy,This indicator shows the life expectancy at birth in years. This represents the average number of years a person can expect to live.,Census Tract,6067009330,79.6,years,,,No,2010-2015,U.S. Small-Area Life Expectancy Estimates Project (USALEEP),,,,,,,,,,
Life Expectancy,This indicator shows the life expectancy at birth in years. This represents the average number of years a person can expect to live.,Census Tract,6067009331,81.4,years,,,No,2010-2015,U.S. Small-Area Life Expectancy Estimates Project (USALEEP),,,,,,,,,,
Life Expectancy,This indicator shows the life expectancy at birth in years. This represents the average number of years a person can expect to live.,Census Tract,6067009332,80.3,years,,,No,2010-2015,U.S. Small-Area Life Expectancy Estimates Project (USALEEP),,,,,,,,,,
Life Expectancy,This indicator shows the life expectancy at birth in years. This represents the average number of years a person can expect to live.,Census Tract,6067009403,79.2,years,,,No,2010-2015,U.S. Small-Area Life Expectancy Estimates Project (USALEEP),,,,,,,,,,
Life Expectancy,This indicator shows the life expectancy at birth in years. This represents the average number of years a person can expect to live.,Census Tract,6067009404,81.4,years,,,No,2010-2015,U.S. Small-Area Life Expectancy Estimates Project (USALEEP),,,,,,,,,,
Life Expectancy,This indicator shows the life expectancy at birth in years. This represents the average number of years a person can expect to live.,Census Tract,6067009406,80,years,,,No,2010-2015,U.S. Small-Area Life Expectancy Estimates Project (USALEEP),,,,,,,,,,
Life Expectancy,This indicator shows the life expectancy at birth in years. This represents the average number of years a person can expect to live.,Census Tract,6067009407,83,years,,,No,2010-2015,U.S. Small-Area Life Expectancy Estimates Project (USALEEP),,,,,,,,,,
Life Expectancy,This indicator shows the life expectancy at birth in years. This represents the average number of years a person can expect to live.,Census Tract,6067009408,81.5,years,,,No,2010-2015,U.S. Small-Area Life Expectancy Estimates Project (USALEEP),,,,,,,,,,
Life Expectancy,This indicator shows the life expectancy at birth in years. This represents the average number of years a person can expect to live.,Census Tract,6067009501,78,years,,,No,2010-2015,U.S. Small-Area Life Expectancy Estimates Project (USALEEP),,,,,,,,,,
Life Expectancy,This indicator shows the life expectancy at birth in years. This represents the average number of years a person can expect to live.,Census Tract,6067009502,78.9,years,,,No,2010-2015,U.S. Small-Area Life Expectancy Estimates Project (USALEEP),,,,,,,,,,
Life Expectancy,This indicator shows the life expectancy at birth in years. This represents the average number of years a person can expect to live.,Census Tract,6067009503,74.7,years,,,No,2010-2015,U.S. Small-Area Life Expectancy Estimates Project (USALEEP),,,,,,,,,,
Life Expectancy,This indicator shows the life expectancy at birth in years. This represents the average number of years a person can expect to live.,Census Tract,6067009504,79.9,years,,,No,2010-2015,U.S. Small-Area Life Expectancy Estimates Project (USALEEP),,,,,,,,,,
Life Expectancy,This indicator shows the life expectancy at birth in years. This represents the average number of years a person can expect to live.,Census Tract,6067009601,76.1,years,,,No,2010-2015,U.S. Small-Area Life Expectancy Estimates Project (USALEEP),,,,,,,,,,
Life Expectancy,This indicator shows the life expectancy at birth in years. This represents the average number of years a person can expect to live.,Census Tract,6067009606,77.8,years,,,No,2010-2015,U.S. Small-Area Life Expectancy Estimates Project (USALEEP),,,,,,,,,,
Life Expectancy,This indicator shows the life expectancy at birth in years. This represents the average number of years a person can expect to live.,Census Tract,6067009608,81.4,years,,,No,2010-2015,U.S. Small-Area Life Expectancy Estimates Project (USALEEP),,,,,,,,,,
Life Expectancy,This indicator shows the life expectancy at birth in years. This represents the average number of years a person can expect to live.,Census Tract,6067009609,77.9,years,,,No,2010-2015,U.S. Small-Area Life Expectancy Estimates Project (USALEEP),,,,,,,,,,
Life Expectancy,This indicator shows the life expectancy at birth in years. This represents the average number of years a person can expect to live.,Census Tract,6067009610,80.7,years,,,No,2010-2015,U.S. Small-Area Life Expectancy Estimates Project (USALEEP),,,,,,,,,,
Life Expectancy,This indicator shows the life expectancy at birth in years. This represents the average number of years a person can expect to live.,Census Tract,6067009611,81.6,years,,,No,2010-2015,U.S. Small-Area Life Expectancy Estimates Project (USALEEP),,,,,,,,,,
Life Expectancy,This indicator shows the life expectancy at birth in years. This represents the average number of years a person can expect to live.,Census Tract,6067009612,80.1,years,,,No,2010-2015,U.S. Small-Area Life Expectancy Estimates Project (USALEEP),,,,,,,,,,
Life Expectancy,This indicator shows the life expectancy at birth in years. This represents the average number of years a person can expect to live.,Census Tract,6067009614,79.6,years,,,No,2010-2015,U.S. Small-Area Life Expectancy Estimates Project (USALEEP),,,,,,,,,,
Life Expectancy,This indicator shows the life expectancy at birth in years. This represents the average number of years a person can expect to live.,Census Tract,6067009615,78.8,years,,,No,2010-2015,U.S. Small-Area Life Expectancy Estimates Project (USALEEP),,,,,,,,,,
Life Expectancy,This indicator shows the life expectancy at birth in years. This represents the average number of years a person can expect to live.,Census Tract,6067009616,78,years,,,No,2010-2015,U.S. Small-Area Life Expectancy Estimates Project (USALEEP),,,,,,,,,,
Life Expectancy,This indicator shows the life expectancy at birth in years. This represents the average number of years a person can expect to live.,Census Tract,6067009617,83.3,years,,,No,2010-2015,U.S. Small-Area Life Expectancy Estimates Project (USALEEP),,,,,,,,,,
Life Expectancy,This indicator shows the life expectancy at birth in years. This represents the average number of years a person can expect to live.,Census Tract,6067009618,84.8,years,,,No,2010-2015,U.S. Small-Area Life Expectancy Estimates Project (USALEEP),,,,,,,,,,
Life Expectancy,This indicator shows the life expectancy at birth in years. This represents the average number of years a person can expect to live.,Census Tract,6067009619,80.9,years,,,No,2010-2015,U.S. Small-Area Life Expectancy Estimates Project (USALEEP),,,,,,,,,,
Life Expectancy,This indicator shows the life expectancy at birth in years. This represents the average number of years a person can expect to live.,Census Tract,6067009622,86.9,years,,,No,2010-2015,U.S. Small-Area Life Expectancy Estimates Project (USALEEP),,,,,,,,,,
Life Expectancy,This indicator shows the life expectancy at birth in years. This represents the average number of years a person can expect to live.,Census Tract,6067009630,84,years,,,No,2010-2015,U.S. Small-Area Life Expectancy Estimates Project (USALEEP),,,,,,,,,,
Life Expectancy,This indicator shows the life expectancy at birth in years. This represents the average number of years a person can expect to live.,Census Tract,6067009632,80,years,,,No,2010-2015,U.S. Small-Area Life Expectancy Estimates Project (USALEEP),,,,,,,,,,
Life Expectancy,This indicator shows the life expectancy at birth in years. This represents the average number of years a person can expect to live.,Census Tract,6067009633,83.4,years,,,No,2010-2015,U.S. Small-Area Life Expectancy Estimates Project (USALEEP),,,,,,,,,,
Life Expectancy,This indicator shows the life expectancy at birth in years. This represents the average number of years a person can expect to live.,Census Tract,6067009634,75.3,years,,,No,2010-2015,U.S. Small-Area Life Expectancy Estimates Project (USALEEP),,,,,,,,,,
Life Expectancy,This indicator shows the life expectancy at birth in years. This represents the average number of years a person can expect to live.,Census Tract,6067009635,81.4,years,,,No,2010-2015,U.S. Small-Area Life Expectancy Estimates Project (USALEEP),,,,,,,,,,
Life Expectancy,This indicator shows the life expectancy at birth in years. This represents the average number of years a person can expect to live.,Census Tract,6067009636,79.9,years,,,No,2010-2015,U.S. Small-Area Life Expectancy Estimates Project (USALEEP),,,,,,,,,,
Life Expectancy,This indicator shows the life expectancy at birth in years. This represents the average number of years a person can expect to live.,Census Tract,6067009637,79.9,years,,,No,2010-2015,U.S. Small-Area Life Expectancy Estimates Project (USALEEP),,,,,,,,,,
Life Expectancy,This indicator shows the life expectancy at birth in years. This represents the average number of years a person can expect to live.,Census Tract,6067009638,81,years,,,No,2010-2015,U.S. Small-Area Life Expectancy Estimates Project (USALEEP),,,,,,,,,,
Life Expectancy,This indicator shows the life expectancy at birth in years. This represents the average number of years a person can expect to live.,Census Tract,6067009639,83,years,,,No,2010-2015,U.S. Small-Area Life Expectancy Estimates Project (USALEEP),,,,,,,,,,
Life Expectancy,This indicator shows the life expectancy at birth in years. This represents the average number of years a person can expect to live.,Census Tract,6067009800,76.2,years,,,No,2010-2015,U.S. Small-Area Life Expectancy Estimates Project (USALEEP),,,,,,,,,,
Life Expectancy,This indicator shows the life expectancy at birth in years. This represents the average number of years a person can expect to live.,Census Tract,6067009900,82.2,years,,,No,2010-2015,U.S. Small-Area Life Expectancy Estimates Project (USALEEP),,,,,,,,,,
